#;;HD;;;Star;;V;;Sp. type;;Field 1;Field 2;Field 3;Field 4;Field 5;Field 6;Field 7;Field 8;Field 9;Field 10;;SIMBAD Type;;References
1;&;HD;432;&;$\beta$ Cas;&;2.27;&;F2 III-IV;&;11;19;30;39;57;;;;;;&;Variable Star of delta Sct type   ;&;Zwintz et al. (2020)
2;&;HD;2905;&;$\kappa$ Cas;&;4.16;&;B1 Ia;&;11;19;30;39;57;;;;;;&;Blue supergiant star              ;&;
3;&;HD;3360;&;$\zeta$ Cas;&;3.66;&;B2 IV;&;11;19;30;39;;;;;;;&;Pulsating variable Star           ;&;
4;&;HD;3712;&;$\alpha$ Cas;&;2.23;&;K0 IIIa;&;11;19;;;;;;;;;&;High proper-motion Star           ;&;
5;&;HD;3901;&;$\ksi$ Cas;&;4.81;&;B2 V;&;11;;;;;;;;;;&;Spectroscopic binary              ;&;
6;&;HD;4614;&;$\eta$ Cas;&;3.44;&;F9 V + dM0;&;11;19;;;;;;;;;&;High proper-motion Star           ;&;
7;&;HD;5394;&;$\gamma$ Cas;&;2.47;&;B0 IVe;&;11;19;30;39;57;;;;;;&;Be Star                           ;&;Borre et al. (2020)
8;&;HD;6811;&;$\phi$ And;&;4.25;&;B5 IIIe;&;11;;;;;;;;;;&;Be Star                           ;&;
9;&;HD;6961;&;$\theta$ Cas;&;4.33;&;A7 V;&;11;19;30;39;;;;;;;&;High proper-motion Star           ;&;
10;&;HD;8538;&;$\delta$ Cas;&;2.68;&;A5 III-IV;&;11;19;30;39;;;;;;;&;Eclipsing binary                  ;&;
11;&;HD;11415;&;$\epsilon$ Cas;&;3.37;&;B3 III;&;11;19;30;39;;;;;;;&;Be Star                           ;&;
12;&;HD;16908;&;35 Ari;&;4.66;&;B3 V;&;5;;;;;;;;;;&;Spectroscopic binary              ;&;
13;&;HD;17573;&;41 Ari;&;3.63;&;B8 Vn;&;5;;;;;;;;;;&;Double or multiple star           ;&;
14;&;HD;17584;&;16 Per;&;4.23;&;F2 III;&;5;;;;;;;;;;&;Variable Star of delta Sct type   ;&;
15;&;HD;17709;&;17 Per;&;4.53;&;K5 III;&;5;;;;;;;;;;&;High proper-motion Star           ;&;
16;&;HD;18296;&;21 Per;&;5.11;&;B9p Si;&;5;;;;;;;;;;&;Variable Star of alpha2 CVn type  ;&;
17;&;HD;19058;&;$\rho$ Per;&;3.39;&;M4 II;&;5;;;;;;;;;;&;Long-period variable star         ;&;Kallinger et al. 2019
18;&;HD;19356;&;$\beta$ Per;&;2.12;&;B8 V;&;5;;;;;;;;;;&;Eclipsing binary                  ;&;
19;&;HD;19373;&;$\iota$ Per;&;4.05;&;G0 V;&;5;;;;;;;;;;&;High proper-motion Star           ;&;
20;&;HD;19476;&;$\kappa$ Per;&;3.80;&;K0 III;&;5;;;;;;;;;;&;High proper-motion Star           ;&;
21;&;HD;20365;&;29 Per;&;5.15;&;B3 V;&;5;;;;;;;;;;&;Star                              ;&;
22;&;HD;20418;&;31 Per;&;5.03;&;B5 V;&;5;;;;;;;;;;&;Star                              ;&;
23;&;HD;20468;&;;&;4.82;&;K2 II;&;5;;;;;;;;;;&;Star                              ;&;
24;&;HD;20809;&;;&;5.29;&;B5 V;&;5;;;;;;;;;;&;Star                              ;&;
25;&;HD;20902;&;$\alpha$ Per;&;1.79;&;F5 Ib;&;5;;;;;;;;;;&;Variable Star                     ;&;
26;&;HD;21428;&;34 Per;&;4.67;&;B3 V;&;5;;;;;;;;;;&;Star                              ;&;
27;&;HD;21552;&;$\sigma$ Per;&;4.36;&;K3 III;&;5;;;;;;;;;;&;Variable Star                     ;&;Kallinger et al. 2019
28;&;HD;22192;&;$\psi$ Per;&;4.23;&;B5 Ve;&;5;;;;;;;;;;&;Be Star                           ;&;
29;&;HD;22780;&;;&;5.57;&;B7 Vne;&;5;;;;;;;;;;&;Be Star                           ;&;
30;&;HD;22928;&;$\delta$ Per;&;3.01;&;B5 IIIe;&;5;20;;;;;;;;;&;Be Star                           ;&;
31;&;HD;23180;&;$\omicron$ Per;&;3.83;&;B1 III;&;5;;;;;;;;;;&;Double or multiple star           ;&;
32;&;HD;23230;&;$\nu$ Per;&;3.77;&;F5 II;&;5;20;;;;;;;;;&;Star                              ;&;
33;&;HD;23302;&;17 Tau;&;3.70;&;B6 IIIe;&;5;;;;;;;;;;&;Be Star                           ;&;
34;&;HD;23338;&;19 Tau;&;4.30;&;B6 IV;&;5;;;;;;;;;;&;Star                              ;&;
35;&;HD;23408;&;20 Tau;&;3.87;&;B8 III;&;5;;;;;;;;;;&;High proper-motion Star           ;&;
36;&;HD;23480;&;23 Tau;&;4.18;&;B6 IVe;&;5;;;;;;;;;;&;Be Star                           ;&;
37;&;HD;23630;&;$\eta$ Tau;&;2.87;&;B7 IIIe;&;5;;;;;;;;;;&;Be Star                           ;&;
38;&;HD;23850;&;27 Tau;&;3.63;&;B8 III;&;5;;;;;;;;;;&;Spectroscopic binary              ;&;
39;&;HD;24398;&;$\zeta$ Per;&;2.85;&;B1 Ib;&;5;20;;;;;;;;;&;Variable Star                     ;&;
40;&;HD;24640;&;;&;5.49;&;B1.5 V;&;5;;;;;;;;;;&;Cepheid variable Star             ;&;
41;&;HD;24760;&;$\epsilon$ Per;&;2.89;&;B0.5 V + A2 V;&;5;20;;;;;;;;;&;Variable Star of beta Cep type    ;&;
42;&;HD;24912;&;$\ksi$ Per;&;4.04;&;O7.5 III(n)((f));&;5;20;;;;;;;;;&;Double or multiple star           ;&;
43;&;HD;25823;&;41 Tau;&;5.20;&;B9 Vp Si;&;5;;;;;;;;;;&;Variable Star of alpha2 CVn type  ;&;
44;&;HD;25940;&;48 Per;&;4.04;&;B3 Ve;&;5;20;;;;;;;;;&;Be Star                           ;&;
45;&;HD;25998;&;50 Per;&;5.51;&;F7 V;&;5;;;;;;;;;;&;Variable of RS CVn type           ;&;
46;&;HD;26322;&;44 Tau;&;5.41;&;F2 IV-V;&;5;;;;;;;;;;&;Variable Star of delta Sct type   ;&;
47;&;HD;26630;&;$\mu$ Per;&;4.14;&;G0 Ib;&;5;20;;;;;;;;;&;Spectroscopic binary              ;&;
48;&;HD;27396;&;53 Per;&;4.85;&;B4 IV;&;5;20;;;;;;;;;&;Variable Star of beta Cep type    ;&;
49;&;HD;29248;&;$\nu$ Eri;&;3.93;&;B2 III;&;6;13;22;32;40;49;;;;;&;Variable Star of beta Cep type    ;&;"Daszynska-Daszkiewicz et al. 2017; Handler et al. 2017"
50;&;HD;30211;&;$\mu$ Eri;&;4.02;&;B5 IV;&;6;13;22;32;40;49;;;;;&;Eclipsing binary                  ;&;
51;&;HD;30652;&;$\pi$3 Ori;&;3.19;&;F6 V;&;6;40;;;;;;;;;&;High proper-motion Star           ;&;
52;&;HD;30836;&;$\pi$4 Ori;&;3.69;&;B2 III + B2 IV;&;6;13;22;32;40;49;;;;;&;Spectroscopic binary              ;&;
53;&;HD;31109;&;$\omega$ Eri;&;4.39;&;F4 III + A6 III;&;6;;;;;;;;;;&;Spectroscopic binary              ;&;
54;&;HD;31139;&;5 Ori;&;5.33;&;M1 III;&;6;;;;;;;;;;&;Variable Star                     ;&;
55;&;HD;31237;&;$\pi^5$ Ori;&;3.72;&;B3 III + B0 V;&;1;6;13;22;32;40;49;;;;&;Spectroscopic binary              ;&;Jerzykiewicz et al. 2020
56;&;HD;31767;&;$\pi^6$ Ori;&;4.47;&;K2 II;&;6;;;;;;;;;;&;Variable Star                     ;&;
57;&;HD;33111;&;$\beta$ Eri;&;2.79;&;A3 III;&;1;6;32;40;48;;;;;;&;High proper-motion Star           ;&;
58;&;HD;33328;&;$\lambda$ Eri;&;4.27;&;B2 IVne;&;6;13;22;32;;;;;;;&;Be Star                           ;&;
59;&;HD;33904;&;$\mu$ Lep;&;3.31;&;B9 IIIp HgMn;&;6;;;;;;;;;;&;Variable Star of alpha2 CVn type  ;&;
60;&;HD;34085;&;$\beta$ Ori;&;0.12;&;B8 Ia;&;1;6;13;22;32;40;49;;;;&;Blue supergiant star              ;&;
61;&;HD;34503;&;$\tau$ Ori;&;3.60;&;B5 III;&;1;6;13;22;49;;;;;;&;Star                              ;&;
62;&;HD;34816;&;$\lambda$ Lep;&;4.29;&;B0.5 IV;&;6;22;;;;;;;;;&;Star                              ;&;
63;&;HD;35039;&;o Ori;&;4.74;&;B2 IV;&;6;40;49;;;;;;;;&;Spectroscopic binary              ;&;
64;&;HD;35369;&;e Ori;&;4.14;&;G8 III;&;6;;;;;;;;;;&;Star                              ;&;
65;&;HD;35411;&;$\eta$ Ori;&;3.36;&;B1V + B2;&;1;6;13;22;32;40;49;;;;&;Eclipsing binary                  ;&;
66;&;HD;35439;&;$\psi^1$ Ori;&;4.95;&;B1 Vpe;&;6;22;32;40;49;;;;;;&;Be Star                           ;&;
67;&;HD;35468;&;$\gamma$ Ori;&;1.64;&;B2 III;&;1;6;13;22;32;40;49;;;;&;Variable Star                     ;&;
68;&;HD;35715;&;$\psi^2$ Ori;&;4.59;&;B2 IV;&;1;6;22;32;40;49;;;;;&;Variable Star of beta Cep type    ;&;
69;&;HD;36267;&;32 Ori;&;4.20;&;B5 V;&;6;32;40;;;;;;;;&;Double or multiple star           ;&;
70;&;HD;36485/6;&;$\delta$ Ori;&;2.23/6.83;&;B0 III + O9 V/B2 V;&;1;6;13;22;32;40;48;49;;;&;Spectroscopic binary              ;&;
71;&;HD;36512;&;$\upsilon$ Ori;&;4.62;&;B0 V;&;6;;;;;;;;;;&;Variable Star                     ;&;
72;&;HD;36822;&;$\phi^1$ Ori;&;4.41;&;B0 III;&;6;40;;;;;;;;;&;Spectroscopic binary              ;&;
73;&;HD;36861/2;&;$\lambda$ Ori;&;3.54/5.45;&;O8 III((f))/B0.5 V;&;1;6;13;22;32;40;48;;;;&;Emission-line Star                ;&;
74;&;HD;36959/60;&;;&;5.67/4.78;&;B1 V/B0.5 V;&;6;;;;;;;;;;&;Young Stellar Object              ;&;
75;&;HD;37018;&;42 Ori;&;4.59;&;B1 V;&;6;49;;;;;;;;;&;Young Stellar Object              ;&;
76;&;HD;37022/41;&;$\theta^1$/$\theta^2$ Ori;&;5.13/5.09;&;O7 Vp/O9.5 Vp;&;6;13;;;;;;;;;&;Spectroscopic binary              ;&;
77;&;HD;37043;&;$\iota$ Ori;&;2.77;&;O9 III;&;1;6;13;22;32;49;;;;;&;Spectroscopic binary              ;&;Pablo et al. 2017
78;&;HD;37128;&;$\epsilon$ Ori;&;1.70;&;B0 Ia;&;1;6;13;22;32;40;48;49;;;&;Blue supergiant star              ;&;
79;&;HD;37468;&;$\sigma$ Ori;&;3.81;&;O9.5 V;&;1;6;13;22;32;40;49;;;;&;Young Stellar Object              ;&;
80;&;HD;37490;&;$\omega$ Ori;&;4.57;&;B3 IIIe;&;6;13;22;32;40;;;;;;&;Be Star                           ;&;
81;&;HD;37742/3;&;$\zeta$ Ori;&;1.88/3.70;&;O9.7 Ib/B0 III;&;1;6;13;22;32;40;48;49;;;&;Spectroscopic binary              ;&;Buysschaert et al. 2017
82;&;HD;38771;&;$\kappa$ Ori;&;2.06;&;B0.5 Ia;&;1;6;13;22;32;49;;;;;&;Blue supergiant star              ;&;
83;&;HD;39060;&;$\beta$ Pic;&;3.85;&;A5 V;&;8;23;33;50;;;;;;;&;High proper-motion Star           ;&;"Zwintz et al. 2019; Mol Lous et al. 2018"
84;&;HD;39801;&;$\alpha$ Ori;&;0.50;&;M1-2 Ia-Iab;&;1;6;13;22;32;40;49;;;;&;Red supergiant star               ;&;
85;&;HD;42933;&;$\delta$ Pic;&;4.81;&;O9 V + B3 III;&;8;23;33;50;;;;;;;&;Eclipsing binary                  ;&;
86;&;HD;44402;&;$\zeta$ CMa;&;3.02;&;B2.5 V;&;12;;;;;;;;;;&;Cepheid variable Star             ;&;
87;&;HD;44743;&;$\beta$ CMa;&;1.98;&;B1 II-III;&;12;;;;;;;;;;&;Variable Star of beta Cep type    ;&;
88;&;HD;45348;&;$\alpha$ Car;&;-0.72;&;F0 II;&;8;23;;;;;;;;;&;Star                              ;&;
89;&;HD;45871;&;IY CMa;&;5.74;&;B4 Vnpe;&;12;;;;;;;;;;&;Be Star                           ;&;
90;&;HD;46328;&;$\ksi^1$ CMa;&;4.33;&;B0.5 IV;&;12;;;;;;;;;;&;Variable Star of beta Cep type    ;&;Wade et al. (2020)
91;&;HD;47306;&;N Car;&;4.40;&;A0 II;&;8;23;;;;;;;;;&;Star                              ;&;
92;&;HD;47670;&;$\nu$ Pup;&;3.17;&;B8 III;&;8;23;33;41;50;;;;;;&;Cepheid variable Star             ;&;Baade et al. 2018
93;&;HD;48917;&;10 CMa;&;5.20;&;B2 IIIe;&;12;;;;;;;;;;&;Be Star                           ;&;
94;&;HD;49131;&;HP CMa;&;5.80;&;B2 III;&;12;;;;;;;;;;&;Be Star                           ;&;
95;&;HD;50013;&;$\kappa$ CMa;&;3.96;&;B1.5 IVne;&;12;41;;;;;;;;;&;Be Star                           ;&;
96;&;HD;50123;&;HZ CMa;&;5.70;&;B6 Vnpe;&;12;;;;;;;;;;&;Be Star                           ;&;
97;&;HD;50337;&;V415 Car;&;4.42;&;G6 II;&;8;23;33;;;;;;;;&;Eclipsing binary                  ;&;
98;&;HD;50707;&;15 CMa;&;4.83;&;B1 IV;&;12;;;;;;;;;;&;Variable Star of beta Cep type    ;&;
99;&;HD;50877;&;$\omicron^1$ CMa;&;3.87;&;K2 Iab;&;12;;;;;;;;;;&;Red supergiant star               ;&;
100;&;HD;50896;&;EZ CMa;&;6.91;&;WN5-B;&;12;;;;;;;;;;&;Wolf-Rayet Star                   ;&;Schmutz & Koenigsberger 2019
101;&;HD;51309;&;$\iota$ CMa;&;4.37;&;B3 II;&;12;;;;;;;;;;&;Variable Star of beta Cep type    ;&;
102;&;HD;52089;&;$\epsilon$ CMa;&;1.50;&;B2 II;&;12;41;;;;;;;;;&;Star                              ;&;
103;&;HD;52670;&;LS CMa;&;5.63;&;B2 V;&;12;;;;;;;;;;&;Eclipsing binary                  ;&;
104;&;HD;52877;&;$\sigma$ CMa;&;3.47;&;K7 Ib;&;12;41;;;;;;;;;&;Long-period variable star         ;&;Kallinger et al. 2019
105;&;HD;53138;&;$\omicron^2$ CMa;&;3.02;&;B3 Iab;&;12;41;;;;;;;;;&;Blue supergiant star              ;&;
106;&;HD;53244;&;$\gamma$ CMa;&;4.12;&;B8 II;&;12;;;;;;;;;;&;Star                              ;&;
107;&;HD;54309;&;FV CMa;&;5.71;&;B2 IVe;&;12;;;;;;;;;;&;Be Star                           ;&;
108;&;HD;54605;&;$\delta$ CMa;&;1.84;&;F8 Ia;&;12;41;;;;;;;;;&;Yellow supergiant star            ;&;
109;&;HD;55892;&;QW Pup;&;4.49;&;F0 IV;&;8;23;33;50;;;;;;;&;Variable Star of alpha2 CVn type  ;&;
110;&;HD;56014;&;27 CMa;&;4.66;&;B3 IIIe;&;12;41;;;;;;;;;&;Be Star                           ;&;
111;&;HD;56022;&;OU Pup;&;4.87;&;B9 V;&;8;23;;;;;;;;;&;Variable Star of alpha2 CVn type  ;&;
112;&;HD;56139;&;$\omega$ CMa;&;3.85;&;B2 IV-Ve;&;12;41;;;;;;;;;&;Be Star                           ;&;
113;&;HD;56455;&;PR Pup;&;5.71;&;Ap;&;8;;;;;;;;;;&;Variable Star of alpha2 CVn type  ;&;
114;&;HD;56855;&;$\pi$ Pup;&;2.70;&;K3 Ib + B5;&;8;33;41;50;;;;;;;&;Long-period variable star         ;&;
115;&;HD;57060;&;29 CMa;&;4.98;&;O7 Iafp;&;12;41;;;;;;;;;&;Eclipsing binary                  ;&;
116;&;HD;57061;&;$\tau$ CMa;&;4.40;&;O9 Ib;&;12;41;;;;;;;;;&;Eclipsing binary                  ;&;
117;&;HD;58155;&;NO CMa;&;5.43;&;B5 IIIn;&;12;;;;;;;;;;&;Be Star                           ;&;
118;&;HD;58286;&;;&;5.39;&;B3 III-IV;&;12;;;;;;;;;;&;Star                              ;&;
119;&;HD;58343;&;FW CMa;&;5.33;&;B2.5 IVe;&;12;;;;;;;;;;&;Be Star                           ;&;
120;&;HD;58350;&;$\eta$ CMa;&;2.45;&;B5 Ia;&;12;41;;;;;;;;;&;Blue supergiant star              ;&;
121;&;HD;61068;&;PT Pup;&;5.74;&;B2 III;&;12;;;;;;;;;;&;Variable Star of beta Cep type    ;&;
122;&;HD;61715;&;MY Pup;&;5.68;&;F7 Ib-II;&;8;23;33;50;;;;;;;&;Classical Cepheid (delta Cep type);&;
123;&;HD;62623;&;l Pup;&;3.96;&;A2 Iabe;&;12;41;;;;;;;;;&;Evolved supergiant star           ;&;
124;&;HD;62747;&;V390 Pup;&;5.60;&;B2 II;&;12;;;;;;;;;;&;Eclipsing binary                  ;&;
125;&;HD;63462;&;$\omicron$ Pup;&;4.50;&;B0 V:pe:;&;12;;;;;;;;;;&;Be Star                           ;&;
126;&;HD;63744;&;Q Pup;&;4.71;&;K0 III;&;7;;;;;;;;;;&;High proper-motion Star           ;&;
127;&;HD;63922;&;P Pup;&;4.11;&;B0 III;&;7;8;23;50;;;;;;;&;Double or multiple star           ;&;
128;&;HD;63949;&;QS Pup;&;5.81;&;B1.5 IV;&;8;23;33;;;;;;;;&;Variable Star of beta Cep type    ;&;
129;&;HD;64440;&;a Pup;&;3.73;&;K1.5 II + A0;&;7;8;34;41;42;50;;;;;&;Spectroscopic binary              ;&;
130;&;HD;64740;&;;&;4.63;&;B2 V;&;7;8;14;23;25;;;;;;&;Star                              ;&;
131;&;HD;64760;&;J Pup;&;4.24;&;B0.5 Ib;&;7;8;14;23;25;33;50;;;;&;Star                              ;&;
132;&;HD;65575;&;$\chi$ Car;&;3.47;&;B3 IVp;&;7;8;14;23;25;33;34;42;50;51;&;Variable Star of beta Cep type    ;&;
133;&;HD;65818;&;V Pup;&;4.41;&;B1 Vp + B2:;&;7;8;14;23;25;33;50;;;;&;Eclipsing binary                  ;&;
134;&;HD;66811;&;$\zeta$ Pup;&;2.25;&;O4 I(n)fp;&;7;8;14;23;25;34;41;42;50;51;&;Variable of BY Dra type           ;&;Ramiaramanantsoa et al. 2018
135;&;HD;67523;&;$\rho$ Pup;&;2.81;&;F6 IIp;&;12;41;;;;;;;;;&;Variable Star of delta Sct type   ;&;
136;&;HD;68243/73;&;$\gamma^1$/$\gamma^2$ Vel;&;4.20/1.83;&;B1 IV/WC8 + O7.5;&;7;8;14;23;25;34;42;51;;;&;Spectroscopic binary              ;&;Richardson et al. 2017
137;&;HD;68553;&;h$^1$ Pup;&;4.45;&;K3 Ib;&;7;;;;;;;;;;&;Long-period variable star         ;&;Kallinger et al. 2019
138;&;HD;69142;&;h$^2$ Pup;&;4.44;&;K1 II/III;&;7;;;;;;;;;;&;Spectroscopic binary              ;&;
139;&;HD;71129;&;$\epsilon$ Car;&;2.01;&;K3 III;&;7;25;34;42;51;;;;;;&;Star                              ;&;
140;&;HD;72127;&;;&;4.99;&;B2 IV;&;7;;;;;;;;;;&;Double or multiple star           ;&;
141;&;HD;73634;&;e Vel;&;4.14;&;A6 II;&;7;25;;;;;;;;;&;Star                              ;&;
142;&;HD;74006;&;$\beta$ Pyx;&;3.97;&;G7 Ib-II;&;7;34;42;;;;;;;;&;Star                              ;&;Kallinger et al. 2019
143;&;HD;74180;&;b Vel;&;3.84;&;F3 Ia;&;7;25;;;;;;;;;&;Variable Star                     ;&;
144;&;HD;74195;&;$\omicron$ Vel;&;3.62;&;B3 IV;&;7;14;25;34;42;51;;;;;&;Pulsating variable Star           ;&;
145;&;HD;74375;&;d Car;&;4.33;&;B1.5 III;&;7;24;25;34;36;42;43;51;;;&;Pulsating variable Star           ;&;
146;&;HD;74560;&;HY Vel;&;4.86;&;B3 IV;&;7;;;;;;;;;;&;Spectroscopic binary              ;&;
147;&;HD;74575;&;$\alpha$ Pyx;&;3.68;&;B1.5 III;&;7;;;;;;;;;;&;Variable Star                     ;&;
148;&;HD;74772;&;d Vel;&;4.07;&;G5 III;&;7;;;;;;;;;;&;Star                              ;&;
149;&;HD;74956;&;$\delta$ Vel;&;1.96;&;A1 V;&;7;25;34;42;51;;;;;;&;Eclipsing binary                  ;&;
150;&;HD;75063;&;a Vel;&;3.91;&;A0 II;&;7;;;;;;;;;;&;Star                              ;&;
151;&;HD;75311;&;f Car;&;4.49;&;B3 Vne;&;7;14;24;25;36;43;53;;;;&;Be Star                           ;&;
152;&;HD;75821;&;f Vel;&;5.12;&;B0 III;&;7;;;;;;;;;;&;Eclipsing binary                  ;&;
153;&;HD;76728;&;c Car;&;3.84;&;B8.5 II;&;7;14;24;25;34;42;51;;;;&;High proper-motion Star           ;&;
154;&;HD;77002;&;b$^1$ Car;&;4.89;&;B2 V;&;7;;;;;;;;;;&;Variable Star of beta Cep type    ;&;
155;&;HD;78004;&;c Vel;&;3.75;&;K2 III;&;7;;;;;;;;;;&;High proper-motion Star           ;&;
156;&;HD;78647;&;$\lambda$ Vel;&;2.21;&;K4.5 Ib-II;&;7;25;34;42;;;;;;;&;Long-period variable star         ;&;
157;&;HD;79351;&;a Car;&;3.44;&;B2 IV-V;&;7;14;24;25;34;36;42;43;51;53;&;Spectroscopic binary              ;&;
158;&;HD;79940;&;k Vel;&;4.62;&;F3/5 V;&;7;;;;;;;;;;&;Star                              ;&;
159;&;HD;80230;&;g Car;&;4.34;&;M1 III;&;7;24;;;;;;;;;&;Variable Star                     ;&;Kallinger et al. 2019
160;&;HD;80404;&;$\iota$ Car;&;2.25;&;A8 Ib;&;7;14;24;25;34;42;51;;;;&;Variable Star                     ;&;
161;&;HD;81188;&;$\kappa$ Vel;&;2.50;&;B2 IV-V;&;7;14;24;25;34;36;42;51;53;;&;Spectroscopic binary              ;&;
162;&;HD;82434;&;$\psi$ Vel;&;3.60;&;F3 IV + F0 IV;&;7;;;;;;;;;;&;Double or multiple star           ;&;
163;&;HD;82668;&;N Vel;&;3.13;&;K5 III;&;7;24;25;34;36;42;43;;;;&;Variable Star                     ;&;Kallinger et al. 2019
164;&;HD;83183;&;h Car;&;4.08;&;B5 II;&;7;24;36;53;;;;;;;&;Star                              ;&;
165;&;HD;83446;&;M Vel;&;4.35;&;A7 V;&;7;36;43;;;;;;;;&;High proper-motion Star           ;&;
166;&;HD;86440;&;$\phi$ Vel;&;3.54;&;B5 Ib;&;7;24;36;43;53;;;;;;&;Star                              ;&;
167;&;HD;118716;&;$\epsilon$ Cen;&;2.30;&;B1 III;&;2;15;35;;;;;;;;&;Variable Star of beta Cep type    ;&;
168;&;HD;120307;&;$\nu$ Cen;&;3.41;&;B2 IV;&;2;35;;;;;;;;;&;Spectroscopic binary              ;&;
169;&;HD;120324;&;$\mu$ Cen;&;3.04;&;B2 IV-Ve;&;2;35;;;;;;;;;&;Be Star                           ;&;Baade et al. 2016
170;&;HD;121263;&;$\zeta$ Cen;&;2.55;&;B2.5 IV;&;2;15;35;;;;;;;;&;Spectroscopic binary              ;&;
171;&;HD;121743;&;$\phi$ Cen;&;3.83;&;B2 IV;&;2;35;;;;;;;;;&;Variable Star                     ;&;
172;&;HD;121790;&;$\upsilon^1$ Cen;&;3.87;&;B2 IV-V;&;2;35;;;;;;;;;&;Variable Star                     ;&;
173;&;HD;122451;&;$\beta$ Cen;&;0.61;&;B1 III;&;2;15;35;;;;;;;;&;Variable Star of beta Cep type    ;&;Pigulski et al. 2016
174;&;HD;122980;&;$\chi$ Cen;&;4.36;&;B2 V;&;2;35;;;;;;;;;&;Variable Star of beta Cep type    ;&;
175;&;HD;125238;&;$\iota$ Lup;&;3.55;&;B2.5 IV;&;2;35;;;;;;;;;&;Variable Star                     ;&;
176;&;HD;125823;&;a Cen;&;4.42;&;B7 IIIp;&;2;35;;;;;;;;;&;Rotationally variable Star        ;&;Krticka et al. 2020
177;&;HD;126341;&;$\tau^1$ Lup;&;4.56;&;B2 IV;&;2;35;;;;;;;;;&;Variable Star of beta Cep type    ;&;
178;&;HD;126354;&;$\tau^2$ Lup;&;4.35;&;F4 IV + A7:;&;2;;;;;;;;;;&;Double or multiple star           ;&;
179;&;HD;127381;&;$\sigma$ Lup;&;4.42;&;B2 III;&;2;35;;;;;;;;;&;Ellipsoidal variable Star         ;&;
180;&;HD;127972/3;&;$\eta$ Cen;&;2.31;&;B1.5 Vne;&;2;35;;;;;;;;;&;Be Star                           ;&;Baade et al. 2016
181;&;HD;128345;&;$\rho$ Lup;&;4.05;&;B5 V;&;2;35;;;;;;;;;&;Variable Star                     ;&;
182;&;HD;128620/1;&;$\alpha$ Cen;&;-0.01;&;G2 V;&;2;15;35;;;;;;;;&;Spectroscopic binary              ;&;
183;&;HD;128898;&;$\alpha$ Cir;&;3.19;&;Ap SrEuCr:;&;2;15;35;;;;;;;;&;Variable Star of alpha2 CVn type  ;&;Weiss et al. 2016
184;&;HD;129056;&;$\alpha$ Lup;&;2.30;&;B1.5 III/Vn;&;2;35;;;;;;;;;&;Variable Star of beta Cep type    ;&;
185;&;HD;129116;&;b Cen;&;4.00;&;B3 V;&;2;;;;;;;;;;&;Star                              ;&;
186;&;HD;130807;&;$\omicron$ Lup;&;4.32;&;B5 IV;&;2;35;;;;;;;;;&;Double or multiple star           ;&;Buysschaert et al. 2019
187;&;HD;132058;&;$\beta$ Lup;&;2.68;&;B2 III/IV;&;2;35;;;;;;;;;&;High proper-motion Star           ;&;
188;&;HD;132200;&;$\kappa$ Cen;&;3.13;&;B2 IV;&;2;35;;;;;;;;;&;Double or multiple star           ;&;
189;&;HD;133242;&;$\pi$ Lup A;&;4.72;&;B5 V;&;2;35;;;;;;;;;&;Star                              ;&;
190;&;HD;134481;&;$\kappa^1$ Lup;&;3.87;&;B9.5 Vne;&;2;35;;;;;;;;;&;Be Star                           ;&;
191;&;HD;134505;&;$\zeta$ Lup;&;3.41;&;G8 III;&;2;35;;;;;;;;;&;High proper-motion Star           ;&;
192;&;HD;135379;&;$\beta$ Cir;&;4.07;&;A3 V;&;2;;;;;;;;;;&;High proper-motion Star           ;&;
193;&;HD;135734;&;$\mu$ Lup;&;4.27;&;B8 Ve;&;2;35;;;;;;;;;&;Be Star                           ;&;
194;&;HD;136298;&;$\delta$ Lup;&;3.22;&;B1.5 IV;&;2;9;35;44;;;;;;;&;Variable Star of beta Cep type    ;&;
195;&;HD;136415;&;$\gamma$ Cir;&;4.51;&;B5 IV + F8;&;2;18;;;;;;;;;&;Star                              ;&;
196;&;HD;136504;&;$\epsilon$ Lup;&;3.37;&;B2 IV-V;&;2;9;35;;;;;;;;&;Spectroscopic binary              ;&;Pablo et al. 2019
197;&;HD;136664;&;$\phi^2$ Lup;&;4.54;&;B3 IV;&;9;44;;;;;;;;;&;Star                              ;&;
198;&;HD;138690;&;$\gamma$ Lup;&;2.78;&;B2 IV;&;2;9;35;44;;;;;;;&;Ellipsoidal variable Star         ;&;Jerzykiewicz et al. 2021
199;&;HD;139127;&;$\omega$ Lup;&;4.33;&;K4.5 III;&;2;;;;;;;;;;&;High proper-motion Star           ;&;
200;&;HD;139365;&;$\tau$ Lib;&;3.66;&;B2.5 V;&;9;44;;;;;;;;;&;Spectroscopic binary              ;&;
201;&;HD;141556;&;$\chi$ Lup;&;3.95;&;B9 IV;&;9;;;;;;;;;;&;Spectroscopic binary              ;&;
202;&;HD;142669;&;$\rho$ Sco;&;3.88;&;B2 IV-V;&;9;44;;;;;;;;;&;Spectroscopic binary              ;&;
203;&;HD;143018;&;$\pi$ Sco;&;2.89;&;B1 V + B2 V;&;9;44;;;;;;;;;&;Eclipsing binary                  ;&;
204;&;HD;143118;&;$\eta$ Lup;&;3.41;&;B2.5 IV;&;9;44;;;;;;;;;&;Star                              ;&;
205;&;HD;143275;&;$\delta$ Sco;&;2.32;&;B0.5 IV;&;9;44;;;;;;;;;&;Spectroscopic binary              ;&;
206;&;HD;144217;&;$\beta^1$/$\beta^2$ Sco;&;2.62/4.69;&;B1 V + B2 V;&;9;44;;;;;;;;;&;Spectroscopic binary              ;&;
207;&;HD;144294;&;$\theta$ Lup;&;4.23;&;B2.5 Vn;&;9;44;;;;;;;;;&;Star                              ;&;
208;&;HD;144470;&;$\omega^1$ Sco;&;3.96;&;B1 V;&;9;44;;;;;;;;;&;Variable Star of beta Cep type    ;&;
209;&;HD;145482;&;c$^2$ Sco;&;4.57;&;B2 Vn;&;9;;;;;;;;;;&;Spectroscopic binary              ;&;
210;&;HD;145502;&;$\nu$ Sco;&;4.01;&;B2 IV;&;9;44;;;;;;;;;&;Double or multiple star           ;&;
211;&;HD;147165;&;$\sigma$ Sco;&;2.89;&;B1 III;&;9;44;;;;;;;;;&;Variable Star of beta Cep type    ;&;
212;&;HD;148478;&;$\alpha$ Sco;&;0.96;&;M1.5 Iab-Ib + B4 V;&;9;44;;;;;;;;;&;Double or multiple star           ;&;
213;&;HD;148688;&;V1058 Sco;&;5.39;&;B1 Ia;&;9;44;;;;;;;;;&;Blue supergiant star              ;&;
214;&;HD;148703;&;N Sco;&;4.23;&;B2 III-IV;&;9;44;;;;;;;;;&;Variable Star                     ;&;
215;&;HD;149038;&;$\mu$ Nor;&;4.94;&;B0 Ia;&;9;44;;;;;;;;;&;Blue supergiant star              ;&;
216;&;HD;149404;&;V918 Sco;&;5.47;&;O9 Ia + O;&;9;44;;;;;;;;;&;Blue supergiant star              ;&;Rauw et al. 2019
217;&;HD;149438;&;$\tau$ Sco;&;2.81;&;B0 V;&;9;44;;;;;;;;;&;Star                              ;&;
218;&;HD;151680;&;$\epsilon$ Sco;&;2.29;&;K2.5 III;&;9;44;;;;;;;;;&;High proper-motion Star           ;&;Kallinger et al. 2019
219;&;HD;151804;&;V973 Sco;&;5.22;&;O8 Iaf;&;9;44;;;;;;;;;&;Blue supergiant star              ;&;Ramiaramanantsoa et al. 2018
220;&;HD;151890;&;$\mu^1$ Sco;&;2.98;&;B1.5 V;&;9;44;;;;;;;;;&;Eclipsing binary                  ;&;
221;&;HD;151985;&;$\mu^2$ Sco;&;3.54;&;B2 IV;&;9;44;;;;;;;;;&;Variable Star                     ;&;
222;&;HD;157056;&;$\theta$ oph;&;3.27;&;B2 IV;&;3;16;27;37;45;54;;;;;&;Variable Star of beta Cep type    ;&;Walczak et al. 2019
223;&;HD;157792;&;b oph;&;4.17;&;A3m;&;3;16;27;37;45;54;;;;;&;High proper-motion Star           ;&;
224;&;HD;157919;&;d Oph;&;4.29;&;F5 IV;&;3;16;27;37;45;54;;;;;&;High proper-motion Star           ;&;
225;&;HD;158408;&;$\upsilon$ Sco;&;2.69;&;B2 IV;&;3;16;27;37;45;54;;;;;&;Star                              ;&;
226;&;HD;158926;&;$\lambda$ Sco;&;1.63;&;B2 IV + B;&;3;16;27;37;45;54;;;;;&;Variable Star of beta Cep type    ;&;
227;&;HD;159433;&;Q Sco;&;4.29;&;K0 IIIb;&;3;;;;;;;;;;&;High proper-motion Star           ;&;
228;&;HD;159532;&;$\theta$ Sco;&;1.86;&;F1 II;&;3;16;27;37;45;54;;;;;&;Star                              ;&;
229;&;HD;160578;&;$\kappa$ Sco;&;2.41;&;B1.5 III;&;3;16;27;37;45;54;;;;;&;Variable Star of beta Cep type    ;&;
230;&;HD;161471;&;$\iota^1$ Sco;&;3.03;&;F2 Iae;&;3;16;27;37;45;54;;;;;&;Yellow supergiant star            ;&;
231;&;HD;161592;&;X Sgr;&;4.54;&;F7 II;&;3;16;27;45;;;;;;;&;Classical Cepheid (delta Cep type);&;
232;&;HD;161892;&;G Sco;&;3.21;&;K2 III;&;3;16;27;37;54;;;;;;&;Star                              ;&;
233;&;HD;164975;&;$\gamma^1$ Sgr;&;4.69;&;F7 Ib + A0 V;&;3;16;27;45;54;;;;;;&;Classical Cepheid (delta Cep type);&;
234;&;HD;165135;&;$\gamma^2$ Sgr;&;2.99;&;K0 III;&;3;16;27;37;54;;;;;;&;High proper-motion Star           ;&;Kallinger et al. 2019
235;&;HD;166937;&;$\mu$ Sgr;&;3.86;&;B8 Iap;&;3;16;27;37;45;54;;;;;&;Blue supergiant star              ;&;
236;&;HD;167618;&;$\eta$ Sgr;&;3.11;&;M3.5 III;&;3;16;27;45;54;;;;;;&;Long Period Variable candidate    ;&;Kallinger et al. 2019
237;&;HD;168454;&;$\delta$ Sgr;&;2.67;&;K2.5 IIIa_CN0.5;&;3;16;27;37;45;54;;;;;&;Star                              ;&;
238;&;HD;169022;&;$\epsilon$ Sgr;&;1.85;&;B9.5 III;&;3;16;27;37;45;54;;;;;&;Double or multiple star           ;&;
239;&;HD;169916;&;$\lambda$ Sgr;&;2.81;&;K0 IV;&;3;16;27;37;45;54;;;;;&;High proper-motion Star           ;&;
240;&;HD;173300;&;$\phi$ Sgr;&;3.17;&;B8 III;&;3;27;45;;;;;;;;&;High proper-motion Star           ;&;
241;&;HD;186882;&;$\delta$ Cyg;&;2.87;&;B9.5 IV + F1 V;&;4;10;38;;;;;;;;&;High proper-motion Star           ;&;
242;&;HD;187849;&;19 Cyg;&;5.12;&;M2 III;&;4;38;46;;;;;;;;&;Long-period variable star         ;&;
243;&;HD;188892;&;22 Cyg;&;4.94;&;B5 IV;&;4;10;38;46;;;;;;;&;Spectroscopic binary              ;&;
244;&;HD;188947;&;$\eta$ Cyg;&;3.88;&;K0 III;&;4;17;;;;;;;;;&;Star                              ;&;Kallinger et al. 2019
245;&;HD;189178;&;;&;5.45;&;B5 V;&;10;38;;;;;;;;;&;Spectroscopic binary              ;&;
246;&;HD;189687;&;25 Cyg;&;5.19;&;B3 IVe;&;4;10;38;46;;;;;;;&;Be Star                           ;&;
247;&;HD;189849;&;15 Vul;&;4.66;&;A4 III;&;10;17;;;;;;;;;&;Variable Star of alpha2 CVn type  ;&;
248;&;HD;191610;&;28 Cyg;&;4.93;&;B2.5 Ve;&;4;10;17;38;46;;;;;;&;Be Star                           ;&;Baade et al. 2018
249;&;HD;192577/8;&;31 Cyg;&;3.80;&;K2 II + B3 V;&;4;10;38;46;;;;;;;&;Eclipsing binary                  ;&;
250;&;HD;192640;&;29 Cyg;&;4.97;&;A2 V;&;4;10;17;38;46;;;;;;&;Variable Star of delta Sct type   ;&;
251;&;HD;192685;&;QR Vul;&;4.78;&;B3 IIIe;&;10;17;46;;;;;;;;&;Be Star                           ;&;
252;&;HD;192806;&;23 Vul;&;4.52;&;K3 III;&;4;;;;;;;;;;&;Double or multiple star           ;&;Kallinger et al. 2019
253;&;HD;192909/10;&;$\omicron^2$ Cyg;&;3.98;&;K3 Ib-II + B3 V;&;4;38;;;;;;;;;&;Eclipsing binary                  ;&;
254;&;HD;193092;&;;&;5.24;&;K5 Iab;&;4;;;;;;;;;;&;Variable Star                     ;&;
255;&;HD;193237;&;P Cyg;&;4.81;&;B1.5 Iabe;&;4;10;17;38;46;;;;;;&;Blue supergiant star              ;&;
256;&;HD;194093;&;$\gamma$ Cyg;&;2.20;&;F8 Ib;&;4;10;38;;;;;;;;&;Variable Star                     ;&;
257;&;HD;194317;&;39 Cyg;&;4.43;&;K2.5 III;&;4;38;;;;;;;;;&;Spectroscopic binary              ;&;Kallinger et al. 2019
258;&;HD;194335;&;V2119 Cyg;&;5.90;&;B2 IIIe;&;10;;;;;;;;;;&;Be Star                           ;&;
259;&;HD;195068;&;43 Cyg;&;5.74;&;F0 V;&;10;29;38;46;;;;;;;&;Variable Star of gamma Dor type   ;&;Zwintz et al. 2017
260;&;HD;195295;&;41 Cyg;&;4.01;&;F5 Iab;&;4;10;46;;;;;;;;&;Variable Star                     ;&;
261;&;HD;195556;&;$\omega^1$ Cyg;&;4.94;&;B2.5 IV;&;10;38;;;;;;;;;&;Pulsating variable Star           ;&;
262;&;HD;196093/4;&;47 Cyg;&;4.66;&;K6 Ib + B2.5;&;4;;;;;;;;;;&;Spectroscopic binary              ;&;
263;&;HD;197345;&;$\alpha$ Cyg;&;1.25;&;A2 Ia;&;4;10;17;38;46;;;;;;&;Evolved supergiant star           ;&;
264;&;HD;197912;&;52 Cyg;&;4.22;&;G9.5 III;&;4;;;;;;;;;;&;Star                              ;&;
265;&;HD;197989;&;$\epsilon$ Cyg;&;2.46;&;K0 III;&;4;10;46;;;;;;;;&;Double or multiple star           ;&;Kallinger et al. 2019
266;&;HD;198183;&;$\lambda$ Cyg;&;4.53;&;B5 Ve;&;4;10;46;;;;;;;;&;Double or multiple star           ;&;
267;&;HD;198478;&;55 Cyg;&;4.84;&;B3 Ia;&;4;10;29;;;;;;;;&;Blue supergiant star              ;&;
268;&;HD;198639;&;56 Cyg;&;5.05;&;A6 V;&;10;29;;;;;;;;;&;High proper-motion Star           ;&;
269;&;HD;198726;&;T Vul;&;5.77;&;F5 Ib;&;4;10;;;;;;;;;&;Classical Cepheid (delta Cep type);&;
270;&;HD;198809;&;31 Vul;&;4.59;&;G7 III;&;4;;;;;;;;;;&;Spectroscopic binary              ;&;
271;&;HD;199081;&;57 Cyg;&;4.78;&;B5 V;&;4;10;29;38;;;;;;;&;Eclipsing binary                  ;&;
272;&;HD;199629;&;$\nu$ Cyg;&;3.94;&;A1 Vnne;&;4;10;38;;;;;;;;&;Double or multiple star           ;&;
273;&;HD;200120;&;59 Cyg;&;4.74;&;B1 Vnne;&;4;10;46;;;;;;;;&;Be Star                           ;&;
274;&;HD;200310;&;60 Cyg;&;5.37;&;B1 Ve;&;10;29;46;;;;;;;;&;Be Star                           ;&;
275;&;HD;200905;&;$\ksi$ Cyg;&;3.72;&;K4.5 Ib-II;&;4;38;46;;;;;;;;&;Spectroscopic binary              ;&;
276;&;HD;201078;&;DT Cyg;&;5.82;&;F7.5 Ib-II;&;4;10;46;;;;;;;;&;Classical Cepheid (delta Cep type);&;
277;&;HD;201251;&;63 Cyg;&;4.55;&;K4 Ib-IIa;&;4;;;;;;;;;;&;Star                              ;&;
278;&;HD;201433;&;V389 Cyg;&;5.69;&;B9 Vp Si;&;10;17;;;;;;;;;&;Double or multiple star           ;&;Kallinger et al. 2017
279;&;HD;202109;&;$\zeta$ Cyg;&;3.20;&;G8 III;&;4;10;46;;;;;;;;&;Spectroscopic binary              ;&;
280;&;HD;202444;&;$\tau$ Cyg;&;3.72;&;F2 IV;&;4;10;38;;;;;;;;&;Variable Star of delta Sct type   ;&;
281;&;HD;202850;&;$\sigma$ Cyg;&;4.23;&;B9 Iab;&;4;10;38;46;;;;;;;&;Evolved supergiant star           ;&;
282;&;HD;202904;&;$\upsilon$ Cyg;&;4.43;&;B2 Vne;&;4;10;46;;;;;;;;&;Be Star                           ;&;
283;&;HD;203064;&;68 Cyg;&;5.00;&;O7.5 III;&;4;10;29;;;;;;;;&;Spectroscopic binary              ;&;
284;&;HD;203156;&;V1334 Cyg;&;5.83;&;F1 II;&;4;10;;;;;;;;;&;Classical Cepheid (delta Cep type);&;
285;&;HD;203280;&;$\alpha$ Cep;&;2.44;&;A7 V;&;11;;;;;;;;;;&;High proper-motion Star           ;&;
286;&;HD;205021;&;$\beta$ Cep;&;3.23;&;B1 IV;&;11;39;;;;;;;;;&;Variable Star of beta Cep type    ;&;
287;&;HD;205435;&;$\rho$ Cyg;&;4.02;&;G5 III;&;10;38;;;;;;;;;&;High proper-motion Star           ;&;
288;&;HD;206570;&;V460 Cyg;&;6.07;&;C6.3;&;4;;;;;;;;;;&;Carbon Star                       ;&;
289;&;HD;207260;&;$\nu$ Cep;&;4.29;&;A2 Ia;&;11;;;;;;;;;;&;Evolved supergiant star           ;&;
290;&;HD;209790;&;$\ksi$ Cep;&;4.29;&;A3/6 Vm;&;11;;;;;;;;;;&;Spectroscopic binary              ;&;
291;&;HD;209975;&;19 Cep;&;5.11;&;O9.5 Ib;&;11;57;;;;;;;;;&;Star                              ;&;
292;&;HD;210745;&;$\zeta$ Cep;&;3.35;&;K1.5 Ib;&;11;29;39;;;;;;;;&;Eclipsing binary                  ;&;
293;&;HD;211336;&;$\epsilon$ Cep;&;4.19;&;F0 IV;&;11;29;39;57;;;;;;;&;Variable Star of delta Sct type   ;&;
294;&;HD;213306;&;$\delta$ Cep;&;3.75;&;F5 Iab;&;11;29;39;57;;;;;;;&;Classical Cepheid (delta Cep type);&;
295;&;HD;216228;&;$\iota$ Cep;&;3.52;&;K0 III;&;11;;;;;;;;;;&;High proper-motion Star           ;&;
296;&;HD;218376;&;1 Cas;&;4.84;&;B0.5 III;&;11;19;39;57;;;;;;;&;Star                              ;&;
297;&;HD;220652;&;4 Cas;&;4.98;&;M1 III;&;11;39;;;;;;;;;&;Variable Star                     ;&;
298;&;HD;221253;&;AR Cas;&;4.88;&;B3 V;&;11;19;39;57;;;;;;;&;Eclipsing binary                  ;&;
299;&;HD;224572;&;$\sigma$ Cas;&;5.00;&;B1 V;&;11;19;39;;;;;;;;&;Double or multiple star           ;&;
300;&;HD;225289;&;V567 Cas;&;5.79;&;B8p HgMn;&;11;;;;;;;;;;&;Variable Star of alpha2 CVn type  ;&;
301;&;HD;144218;&;$\beta^1$/$\beta^2$ Sco;&;2.62/4.69;&;B1 V + B2 V;&;9;44;;;;;;;;;&;Spectroscopic binary              ;&;